,№ЭЧ,Класс_ЭЧ,Pclass,Name,Sex,Age,SibSp,Parch,Ticket,Fare,Cabin,Embarked,№ВК,№СИОМ
692,6930,1,3,"Lam, Mr. Ali",male,,0,0,1601,56.4958,,S,6,930
481,4820,0,2,"Frost, Mr. Anthony Wood ""Archie""",male,,0,0,239854,0.0,,S,4,820
527,5280,0,1,"Farthing, Mr. John",male,,0,0,PC 17483,221.7792,C95,S,5,280
855,8560,1,3,"Aks, Mrs. Sam (Leah Rosen)",female,18.0,0,1,392091,9.35,,S,8,560
801,8020,1,2,"Collyer, Mrs. Harvey (Charlotte Annie Tate)",female,31.0,1,1,C.A. 31921,26.25,,S,8,020
652,6530,0,3,"Kalvik, Mr. Johannes Halvorsen",male,21.0,0,0,8475,8.4333,,S,6,530
509,5100,1,3,"Lang, Mr. Fang",male,26.0,0,0,1601,56.4958,,S,5,100
557,5580,0,1,"Robbins, Mr. Victor",male,,0,0,PC 17757,227.525,,C,5,580
828,8290,1,3,"McCormack, Mr. Thomas Joseph",male,,0,0,367228,7.75,,Q,8,290
18,190,0,3,"Vander Planke, Mrs. Julius (Emelia Maria Vandemoortele)",female,31.0,1,0,345763,18.0,,S,1,90
647,6480,1,1,"Simonius-Blumer, Col. Oberst Alfons",male,56.0,0,0,13213,35.5,A26,C,6,480
402,4030,0,3,"Jussila, Miss. Mari Aina",female,21.0,1,0,4137,9.825,,S,4,030
846,8470,0,3,"Sage, Mr. Douglas Bullen",male,,8,2,CA. 2343,69.55,,S,8,470
467,4680,0,1,"Smart, Mr. John Montgomery",male,56.0,0,0,113792,26.55,,S,4,680
51,520,0,3,"Nosworthy, Mr. Richard Cater",male,21.0,0,0,A/4. 39886,7.8,,S,5,20
412,4130,1,1,"Minahan, Miss. Daisy E",female,33.0,1,0,19928,90.0,C78,Q,4,130
421,4220,0,3,"Charters, Mr. David",male,21.0,0,0,A/5. 13032,7.7333,,Q,4,220
250,2510,0,3,"Reed, Mr. James George",male,,0,0,362316,7.25,,S,2,510
818,8190,0,3,"Holm, Mr. John Fredrik Alexander",male,43.0,0,0,C 7075,6.45,,S,8,190
409,4100,0,3,"Lefebre, Miss. Ida",female,,3,1,4133,25.4667,,S,4,100
253,2540,0,3,"Lobb, Mr. William Arthur",male,30.0,1,0,A/5. 3336,16.1,,S,2,540
218,2190,1,1,"Bazzani, Miss. Albina",female,32.0,0,0,11813,76.2917,D15,C,2,190
256,2570,1,1,"Thorne, Mrs. Gertrude Maybelle",female,,0,0,PC 17585,79.2,,C,2,570
226,2270,1,2,"Mellors, Mr. William John",male,19.0,0,0,SW/PP 751,10.5,,S,2,270
294,2950,0,3,"Mineff, Mr. Ivan",male,24.0,0,0,349233,7.8958,,S,2,950
706,7070,1,2,"Kelly, Mrs. Florence ""Fannie""",female,45.0,0,0,223596,13.5,,S,7,070
753,7540,0,3,"Jonkoff, Mr. Lalio",male,23.0,0,0,349204,7.8958,,S,7,540
197,1980,0,3,"Olsen, Mr. Karl Siegwart Andreas",male,42.0,0,1,4579,8.4042,,S,1,980
835,8360,1,1,"Compton, Miss. Sara Rebecca",female,39.0,1,1,PC 17756,83.1583,E49,C,8,360
220,2210,1,3,"Sunderland, Mr. Victor Francis",male,16.0,0,0,SOTON/OQ 392089,8.05,,S,2,210
739,7400,0,3,"Nankoff, Mr. Minko",male,,0,0,349218,7.8958,,S,7,400
33,340,0,2,"Wheadon, Mr. Edward H",male,66.0,0,0,C.A. 24579,10.5,,S,3,40
430,4310,1,1,"Bjornstrom-Steffansson, Mr. Mauritz Hakan",male,28.0,0,0,110564,26.55,C52,S,4,310
150,1510,0,2,"Bateman, Rev. Robert James",male,51.0,0,0,S.O.P. 1166,12.525,,S,1,510
586,5870,0,2,"Jarvis, Mr. John Denzil",male,47.0,0,0,237565,15.0,,S,5,870
204,2050,1,3,"Cohen, Mr. Gurshon ""Gus""",male,18.0,0,0,A/5 3540,8.05,,S,2,050
344,3450,0,2,"Fox, Mr. Stanley Hubert",male,36.0,0,0,229236,13.0,,S,3,450
747,7480,1,2,"Sinkkonen, Miss. Anna",female,30.0,0,0,250648,13.0,,S,7,480
323,3240,1,2,"Caldwell, Mrs. Albert Francis (Sylvia Mae Harbaugh)",female,22.0,1,1,248738,29.0,,S,3,240
264,2650,0,3,"Henry, Miss. Delia",female,,0,0,382649,7.75,,Q,2,650
134,1350,0,2,"Sobey, Mr. Samuel James Hayden",male,25.0,0,0,C.A. 29178,13.0,,S,1,350
832,8330,0,3,"Saad, Mr. Amin",male,,0,0,2671,7.2292,,C,8,330
190,1910,1,2,"Pinsky, Mrs. (Rosa)",female,32.0,0,0,234604,13.0,,S,1,910
107,1080,1,3,"Moss, Mr. Albert Johan",male,,0,0,312991,7.775,,S,1,080
192,1930,1,3,"Andersen-Jensen, Miss. Carla Christine Nielsine",female,19.0,1,0,350046,7.8542,,S,1,930
449,4500,1,1,"Peuchen, Major. Arthur Godfrey",male,52.0,0,0,113786,30.5,C104,S,4,500
96,970,0,1,"Goldschmidt, Mr. George B",male,71.0,0,0,PC 17754,34.6542,A5,C,9,70
382,3830,0,3,"Tikkanen, Mr. Juho",male,32.0,0,0,STON/O 2. 3101293,7.925,,S,3,830
715,7160,0,3,"Soholt, Mr. Peter Andreas Lauritz Andersen",male,19.0,0,0,348124,7.65,F G73,S,7,160
364,3650,0,3,"O'Brien, Mr. Thomas",male,,1,0,370365,15.5,,Q,3,650
474,4750,0,3,"Strandberg, Miss. Ida Sofia",female,22.0,0,0,7553,9.8375,,S,4,750
434,4350,0,1,"Silvey, Mr. William Baird",male,50.0,1,0,13507,55.9,E44,S,4,350
63,640,0,3,"Skoog, Master. Harald",male,4.0,3,2,347088,27.9,,S,6,40
763,7640,1,1,"Carter, Mrs. William Ernest (Lucile Polk)",female,36.0,1,2,113760,120.0,B96 B98,S,7,640
748,7490,0,1,"Marvin, Mr. Daniel Warner",male,19.0,1,0,113773,53.1,D30,S,7,490
842,8430,1,1,"Serepeca, Miss. Augusta",female,30.0,0,0,113798,31.0,,C,8,430
643,6440,1,3,"Foo, Mr. Choong",male,,0,0,1601,56.4958,,S,6,440
365,3660,0,3,"Adahl, Mr. Mauritz Nils Martin",male,30.0,0,0,C 7076,7.25,,S,3,660
494,4950,0,3,"Stanley, Mr. Edward Roland",male,21.0,0,0,A/4 45380,8.05,,S,4,950
308,3090,0,2,"Abelson, Mr. Samuel",male,30.0,1,0,P/PP 3381,24.0,,C,3,090
651,6520,1,2,"Doling, Miss. Elsie",female,18.0,0,1,231919,23.0,,S,6,520
302,3030,0,3,"Johnson, Mr. William Cahoone Jr",male,19.0,0,0,LINE,0.0,,S,3,030
716,7170,1,1,"Endres, Miss. Caroline Louise",female,38.0,0,0,PC 17757,227.525,C45,C,7,170
819,8200,0,3,"Skoog, Master. Karl Thorsten",male,10.0,3,2,347088,27.9,,S,8,200
732,7330,0,2,"Knight, Mr. Robert J",male,,0,0,239855,0.0,,S,7,330
251,2520,0,3,"Strom, Mrs. Wilhelm (Elna Matilda Persson)",female,29.0,1,1,347054,10.4625,G6,S,2,520
154,1550,0,3,"Olsen, Mr. Ole Martin",male,,0,0,Fa 265302,7.3125,,S,1,550
403,4040,0,3,"Hakkarainen, Mr. Pekka Pietari",male,28.0,1,0,STON/O2. 3101279,15.85,,S,4,040
610,6110,0,3,"Andersson, Mrs. Anders Johan (Alfrida Konstantia Brogren)",female,39.0,1,5,347082,31.275,,S,6,110
205,2060,0,3,"Strom, Miss. Telma Matilda",female,2.0,0,1,347054,10.4625,G6,S,2,060
219,2200,0,2,"Harris, Mr. Walter",male,30.0,0,0,W/C 14208,10.5,,S,2,200
693,6940,0,3,"Saad, Mr. Khalil",male,25.0,0,0,2672,7.225,,C,6,940
686,6870,0,3,"Panula, Mr. Jaako Arnold",male,14.0,4,1,3101295,39.6875,,S,6,870
383,3840,1,1,"Holverson, Mrs. Alexander Oskar (Mary Aline Towner)",female,35.0,1,0,113789,52.0,,S,3,840
550,5510,1,1,"Thayer, Mr. John Borland Jr",male,17.0,0,2,17421,110.8833,C70,C,5,510
468,4690,0,3,"Scanlan, Mr. James",male,,0,0,36209,7.725,,Q,4,690
654,6550,0,3,"Hegarty, Miss. Hanora ""Nora""",female,18.0,0,0,365226,6.75,,Q,6,550
649,6500,1,3,"Stanley, Miss. Amy Zillah Elsie",female,23.0,0,0,CA. 2314,7.55,,S,6,500
482,4830,0,3,"Rouse, Mr. Richard Henry",male,50.0,0,0,A/5 3594,8.05,,S,4,830
742,7430,1,1,"Ryerson, Miss. Susan Parker ""Suzette""",female,21.0,2,2,PC 17608,262.375,B57 B59 B63 B66,C,7,430
195,1960,1,1,"Lurette, Miss. Elise",female,58.0,0,0,PC 17569,146.5208,B80,C,1,960
43,440,1,2,"Laroche, Miss. Simonne Marie Anne Andree",female,3.0,1,2,SC/Paris 2123,41.5792,,C,4,40
446,4470,1,2,"Mellinger, Miss. Madeleine Violet",female,13.0,0,1,250644,19.5,,S,4,470
626,6270,0,2,"Kirkland, Rev. Charles Leonard",male,57.0,0,0,219533,12.35,,Q,6,270
791,7920,0,2,"Gaskell, Mr. Alfred",male,16.0,0,0,239865,26.0,,S,7,920
32,330,1,3,"Glynn, Miss. Mary Agatha",female,,0,0,335677,7.75,,Q,3,30
684,6850,0,2,"Brown, Mr. Thomas William Solomon",male,60.0,1,1,29750,39.0,,S,6,850
373,3740,0,1,"Ringhini, Mr. Sante",male,22.0,0,0,PC 17760,135.6333,,C,3,740
418,4190,0,2,"Matthews, Mr. William John",male,30.0,0,0,28228,13.0,,S,4,190
844,8450,0,3,"Culumovic, Mr. Jeso",male,17.0,0,0,315090,8.6625,,S,8,450
794,7950,0,3,"Dantcheff, Mr. Ristiu",male,25.0,0,0,349203,7.8958,,S,7,950
821,8220,1,3,"Lulic, Mr. Nikola",male,27.0,0,0,315098,8.6625,,S,8,220
179,1800,0,3,"Leonard, Mr. Lionel",male,36.0,0,0,LINE,0.0,,S,1,800
415,4160,0,3,"Meek, Mrs. Thomas (Annie Louise Rowley)",female,,0,0,343095,8.05,,S,4,160
367,3680,1,3,"Moussa, Mrs. (Mantoura Boulos)",female,,0,0,2626,7.2292,,C,3,680
713,7140,0,3,"Larsson, Mr. August Viktor",male,29.0,0,0,7545,9.4833,,S,7,140
537,5380,1,1,"LeRoy, Miss. Bertha",female,30.0,0,0,PC 17761,106.425,,C,5,380
77,780,0,3,"Moutal, Mr. Rahamin Haim",male,,0,0,374746,8.05,,S,7,80
155,1560,0,1,"Williams, Mr. Charles Duane",male,51.0,0,1,PC 17597,61.3792,,C,1,560
156,1570,1,3,"Gilnagh, Miss. Katherine ""Katie""",female,16.0,0,0,35851,7.7333,,Q,1,570
368,3690,1,3,"Jermyn, Miss. Annie",female,,0,0,14313,7.75,,Q,3,690
381,3820,1,3,"Nakid, Miss. Maria (""Mary"")",female,1.0,0,2,2653,15.7417,,C,3,820
395,3960,0,3,"Johansson, Mr. Erik",male,22.0,0,0,350052,7.7958,,S,3,960
128,1290,1,3,"Peter, Miss. Anna",female,,1,1,2668,22.3583,F E69,C,1,290
278,2790,0,3,"Rice, Master. Eric",male,7.0,4,1,382652,29.125,,Q,2,790
298,2990,1,1,"Saalfeld, Mr. Adolphe",male,,0,0,19988,30.5,C106,S,2,990
214,2150,0,3,"Kiernan, Mr. Philip",male,,1,0,367229,7.75,,Q,2,150
809,8100,1,1,"Chambers, Mrs. Norman Campbell (Bertha Griggs)",female,33.0,1,0,113806,53.1,E8,S,8,100
50,510,0,3,"Panula, Master. Juha Niilo",male,7.0,4,1,3101295,39.6875,,S,5,10
890,8910,0,3,"Dooley, Mr. Patrick",male,32.0,0,0,370376,7.75,,Q,8,910
723,7240,0,2,"Hodges, Mr. Henry Price",male,50.0,0,0,250643,13.0,,S,7,240
232,2330,0,2,"Sjostedt, Mr. Ernst Adolf",male,59.0,0,0,237442,13.5,,S,2,330
34,350,0,1,"Meyer, Mr. Edgar Joseph",male,28.0,1,0,PC 17604,82.1708,,C,3,50
45,460,0,3,"Rogers, Mr. William John",male,,0,0,S.C./A.4. 23567,8.05,,S,4,60
694,6950,0,1,"Weir, Col. John",male,60.0,0,0,113800,26.55,,S,6,950
114,1150,0,3,"Attalah, Miss. Malake",female,17.0,0,0,2627,14.4583,,C,1,150
122,1230,0,2,"Nasser, Mr. Nicholas",male,32.5,1,0,237736,30.0708,,C,1,230
627,6280,1,1,"Longley, Miss. Gretchen Fiske",female,21.0,0,0,13502,77.9583,D9,S,6,280
261,2620,1,3,"Asplund, Master. Edvin Rojj Felix",male,3.0,4,2,347077,31.3875,,S,2,620
238,2390,0,2,"Pengelly, Mr. Frederick William",male,19.0,0,0,28665,10.5,,S,2,390
437,4380,1,2,"Richards, Mrs. Sidney (Emily Hocking)",female,24.0,2,3,29106,18.75,,S,4,380
585,5860,1,1,"Taussig, Miss. Ruth",female,18.0,0,2,110413,79.65,E68,S,5,860
796,7970,1,1,"Leader, Dr. Alice (Farnham)",female,49.0,0,0,17465,25.9292,D17,S,7,970
254,2550,0,3,"Rosblom, Mrs. Viktor (Helena Wilhelmina)",female,41.0,0,2,370129,20.2125,,S,2,550
286,2870,1,3,"de Mulder, Mr. Theodore",male,30.0,0,0,345774,9.5,,S,2,870
94,950,0,3,"Coxon, Mr. Daniel",male,59.0,0,0,364500,7.25,,S,9,50
691,6920,1,3,"Karun, Miss. Manca",female,4.0,0,1,349256,13.4167,,C,6,920
140,1410,0,3,"Boulos, Mrs. Joseph (Sultana)",female,,0,2,2678,15.2458,,C,1,410
406,4070,0,3,"Widegren, Mr. Carl/Charles Peter",male,51.0,0,0,347064,7.75,,S,4,070
440,4410,1,2,"Hart, Mrs. Benjamin (Esther Ada Bloomfield)",female,45.0,1,1,F.C.C. 13529,26.25,,S,4,410
424,4250,0,3,"Rosblom, Mr. Viktor Richard",male,18.0,1,1,370129,20.2125,,S,4,250
792,7930,0,3,"Sage, Miss. Stella Anna",female,,8,2,CA. 2343,69.55,,S,7,930
612,6130,1,3,"Murphy, Miss. Margaret Jane",female,,1,0,367230,15.5,,Q,6,130
848,8490,0,2,"Harper, Rev. John",male,28.0,0,1,248727,33.0,,S,8,490
152,1530,0,3,"Meo, Mr. Alfonzo",male,55.5,0,0,A.5. 11206,8.05,,S,1,530
118,1190,0,1,"Baxter, Mr. Quigg Edmond",male,24.0,0,1,PC 17558,247.5208,B58 B60,C,1,190
633,6340,0,1,"Parr, Mr. William Henry Marsh",male,,0,0,112052,0.0,,S,6,340
347,3480,1,3,"Davison, Mrs. Thomas Henry (Mary E Finck)",female,,1,0,386525,16.1,,S,3,480
783,7840,0,3,"Johnston, Mr. Andrew G",male,,1,2,W./C. 6607,23.45,,S,7,840
159,1600,0,3,"Sage, Master. Thomas Henry",male,,8,2,CA. 2343,69.55,,S,1,600
133,1340,1,2,"Weisz, Mrs. Leopold (Mathilde Francoise Pede)",female,29.0,1,0,228414,26.0,,S,1,340
268,2690,1,1,"Graham, Mrs. William Thompson (Edith Junkins)",female,58.0,0,1,PC 17582,153.4625,C125,S,2,690
2,30,1,3,"Heikkinen, Miss. Laina",female,26.0,0,0,STON/O2. 3101282,7.925,,S,3,0
523,5240,1,1,"Hippach, Mrs. Louis Albert (Ida Sophia Fischer)",female,44.0,0,1,111361,57.9792,B18,C,5,240
598,5990,0,3,"Boulos, Mr. Hanna",male,,0,0,2664,7.225,,C,5,990
769,7700,0,3,"Gronnestad, Mr. Daniel Danielsen",male,32.0,0,0,8471,8.3625,,S,7,700
619,6200,0,2,"Gavey, Mr. Lawrence",male,26.0,0,0,31028,10.5,,S,6,200
574,5750,0,3,"Rush, Mr. Alfred George John",male,16.0,0,0,A/4. 20589,8.05,,S,5,750
379,3800,0,3,"Gustafsson, Mr. Karl Gideon",male,19.0,0,0,347069,7.775,,S,3,800
656,6570,0,3,"Radeff, Mr. Alexander",male,,0,0,349223,7.8958,,S,6,570
771,7720,0,3,"Jensen, Mr. Niels Peder",male,48.0,0,0,350047,7.8542,,S,7,720
260,2610,0,3,"Smith, Mr. Thomas",male,,0,0,384461,7.75,,Q,2,610
480,4810,0,3,"Goodwin, Master. Harold Victor",male,9.0,5,2,CA 2144,46.9,,S,4,810
230,2310,1,1,"Harris, Mrs. Henry Birkhardt (Irene Wallach)",female,35.0,1,0,36973,83.475,C83,S,2,310
125,1260,1,3,"Nicola-Yarred, Master. Elias",male,12.0,1,0,2651,11.2417,,C,1,260
396,3970,0,3,"Olsson, Miss. Elina",female,31.0,0,0,350407,7.8542,,S,3,970
866,8670,1,2,"Duran y More, Miss. Asuncion",female,27.0,1,0,SC/PARIS 2149,13.8583,,C,8,670
779,7800,1,1,"Robert, Mrs. Edward Scott (Elisabeth Walton McMillan)",female,43.0,0,1,24160,211.3375,B3,S,7,800
767,7680,0,3,"Mangan, Miss. Mary",female,30.5,0,0,364850,7.75,,Q,7,680
461,4620,0,3,"Morley, Mr. William",male,34.0,0,0,364506,8.05,,S,4,620
466,4670,0,2,"Campbell, Mr. William",male,,0,0,239853,0.0,,S,4,670
734,7350,0,2,"Troupiansky, Mr. Moses Aaron",male,23.0,0,0,233639,13.0,,S,7,350
394,3950,1,3,"Sandstrom, Mrs. Hjalmar (Agnes Charlotta Bengtsson)",female,24.0,0,2,PP 9549,16.7,G6,S,3,950
705,7060,0,2,"Morley, Mr. Henry Samuel (""Mr Henry Marshall"")",male,39.0,0,0,250655,26.0,,S,7,060
345,3460,1,2,"Brown, Miss. Amelia ""Mildred""",female,24.0,0,0,248733,13.0,F33,S,3,460
552,5530,0,3,"O'Brien, Mr. Timothy",male,,0,0,330979,7.8292,,Q,5,530
469,4700,1,3,"Baclini, Miss. Helene Barbara",female,0.75,2,1,2666,19.2583,,C,4,700
722,7230,0,2,"Gillespie, Mr. William Henry",male,34.0,0,0,12233,13.0,,S,7,230
350,3510,0,3,"Odahl, Mr. Nils Martin",male,23.0,0,0,7267,9.225,,S,3,510
432,4330,1,2,"Louch, Mrs. Charles Alexander (Alice Adelaide Slow)",female,42.0,1,0,SC/AH 3085,26.0,,S,4,330
5,60,0,3,"Moran, Mr. James",male,,0,0,330877,8.4583,,Q,6,0
588,5890,0,3,"Gilinski, Mr. Eliezer",male,22.0,0,0,14973,8.05,,S,5,890
78,790,1,2,"Caldwell, Master. Alden Gates",male,0.83,0,2,248738,29.0,,S,7,90
235,2360,0,3,"Harknett, Miss. Alice Phoebe",female,,0,0,W./C. 6609,7.55,,S,2,360
695,6960,0,2,"Chapman, Mr. Charles Henry",male,52.0,0,0,248731,13.5,,S,6,960
721,7220,0,3,"Jensen, Mr. Svend Lauritz",male,17.0,1,0,350048,7.0542,,S,7,220
453,4540,1,1,"Goldenberg, Mr. Samuel L",male,49.0,1,0,17453,89.1042,C92,C,4,540
414,4150,1,3,"Sundman, Mr. Johan Julian",male,44.0,0,0,STON/O 2. 3101269,7.925,,S,4,150
751,7520,1,3,"Moor, Master. Meier",male,6.0,0,1,392096,12.475,E121,S,7,520
545,5460,0,1,"Nicholson, Mr. Arthur Ernest",male,64.0,0,0,693,26.0,,S,5,460
807,8080,0,3,"Pettersson, Miss. Ellen Natalia",female,18.0,0,0,347087,7.775,,S,8,080
575,5760,0,3,"Patchett, Mr. George",male,19.0,0,0,358585,14.5,,S,5,760
93,940,0,3,"Dean, Mr. Bertram Frank",male,26.0,1,2,C.A. 2315,20.575,,S,9,40
314,3150,0,2,"Hart, Mr. Benjamin",male,43.0,1,1,F.C.C. 13529,26.25,,S,3,150
517,5180,0,3,"Ryan, Mr. Patrick",male,,0,0,371110,24.15,,Q,5,180
816,8170,0,3,"Heininen, Miss. Wendla Maria",female,23.0,0,0,STON/O2. 3101290,7.925,,S,8,170
266,2670,0,3,"Panula, Mr. Ernesti Arvid",male,16.0,4,1,3101295,39.6875,,S,2,670
540,5410,1,1,"Crosby, Miss. Harriet R",female,36.0,0,2,WE/P 5735,71.0,B22,S,5,410
356,3570,1,1,"Bowerman, Miss. Elsie Edith",female,22.0,0,1,113505,55.0,E33,S,3,570
877,8780,0,3,"Petroff, Mr. Nedelio",male,19.0,0,0,349212,7.8958,,S,8,780
358,3590,1,3,"McGovern, Miss. Mary",female,,0,0,330931,7.8792,,Q,3,590
873,8740,0,3,"Vander Cruyssen, Mr. Victor",male,47.0,0,0,345765,9.0,,S,8,740
161,1620,1,2,"Watt, Mrs. James (Elizabeth ""Bessie"" Inglis Milne)",female,40.0,0,0,C.A. 33595,15.75,,S,1,620
113,1140,0,3,"Jussila, Miss. Katriina",female,20.0,1,0,4136,9.825,,S,1,140
518,5190,1,2,"Angle, Mrs. William A (Florence ""Mary"" Agnes Hughes)",female,36.0,1,0,226875,26.0,,S,5,190
175,1760,0,3,"Klasen, Mr. Klas Albin",male,18.0,1,1,350404,7.8542,,S,1,760
757,7580,0,2,"Bailey, Mr. Percy Andrew",male,18.0,0,0,29108,11.5,,S,7,580
74,750,1,3,"Bing, Mr. Lee",male,32.0,0,0,1601,56.4958,,S,7,50
130,1310,0,3,"Drazenoic, Mr. Jozef",male,33.0,0,0,349241,7.8958,,C,1,310
604,6050,1,1,"Homer, Mr. Harry (""Mr E Haven"")",male,35.0,0,0,111426,26.55,,C,6,050
438,4390,0,1,"Fortune, Mr. Mark",male,64.0,1,4,19950,263.0,C23 C25 C27,S,4,390
262,2630,0,1,"Taussig, Mr. Emil",male,52.0,1,1,110413,79.65,E67,S,2,630
858,8590,1,3,"Baclini, Mrs. Solomon (Latifa Qurban)",female,24.0,0,3,2666,19.2583,,C,8,590
326,3270,0,3,"Nysveen, Mr. Johan Hansen",male,61.0,0,0,345364,6.2375,,S,3,270
234,2350,0,2,"Leyson, Mr. Robert William Norman",male,24.0,0,0,C.A. 29566,10.5,,S,2,350
668,6690,0,3,"Cook, Mr. Jacob",male,43.0,0,0,A/5 3536,8.05,,S,6,690
516,5170,1,2,"Lemore, Mrs. (Amelia Milley)",female,34.0,0,0,C.A. 34260,10.5,F33,S,5,170
483,4840,1,3,"Turkula, Mrs. (Hedwig)",female,63.0,0,0,4134,9.5875,,S,4,840
641,6420,1,1,"Sagesser, Mlle. Emma",female,24.0,0,0,PC 17477,69.3,B35,C,6,420
1,20,1,1,"Cumings, Mrs. John Bradley (Florence Briggs Thayer)",female,38.0,1,0,PC 17599,71.2833,C85,C,2,0
491,4920,0,3,"Windelov, Mr. Einar",male,21.0,0,0,SOTON/OQ 3101317,7.25,,S,4,920
856,8570,1,1,"Wick, Mrs. George Dennick (Mary Hitchcock)",female,45.0,1,1,36928,164.8667,,S,8,570
86,870,0,3,"Ford, Mr. William Neal",male,16.0,1,3,W./C. 6608,34.375,,S,8,70
664,6650,1,3,"Lindqvist, Mr. Eino William",male,20.0,1,0,STON/O 2. 3101285,7.925,,S,6,650
181,1820,0,2,"Pernot, Mr. Rene",male,,0,0,SC/PARIS 2131,15.05,,C,1,820
638,6390,0,3,"Panula, Mrs. Juha (Maria Emilia Ojala)",female,41.0,0,5,3101295,39.6875,,S,6,390
213,2140,0,2,"Givard, Mr. Hans Kristensen",male,30.0,0,0,250646,13.0,,S,2,140
90,910,0,3,"Christmann, Mr. Emil",male,29.0,0,0,343276,8.05,,S,9,10
374,3750,0,3,"Palsson, Miss. Stina Viola",female,3.0,3,1,349909,21.075,,S,3,750
193,1940,1,2,"Navratil, Master. Michel M",male,3.0,1,1,230080,26.0,F2,S,1,940
249,2500,0,2,"Carter, Rev. Ernest Courtenay",male,54.0,1,0,244252,26.0,,S,2,500
392,3930,0,3,"Gustafsson, Mr. Johan Birger",male,28.0,2,0,3101277,7.925,,S,3,930
663,6640,0,3,"Coleff, Mr. Peju",male,36.0,0,0,349210,7.4958,,S,6,640
460,4610,1,1,"Anderson, Mr. Harry",male,48.0,0,0,19952,26.55,E12,S,4,610
797,7980,1,3,"Osman, Mrs. Mara",female,31.0,0,0,349244,8.6833,,S,7,980
870,8710,0,3,"Balkic, Mr. Cerin",male,26.0,0,0,349248,7.8958,,S,8,710
176,1770,0,3,"Lefebre, Master. Henry Forbes",male,,3,1,4133,25.4667,,S,1,770
803,8040,1,3,"Thomas, Master. Assad Alexander",male,0.42,0,1,2625,8.5167,,C,8,040
246,2470,0,3,"Lindahl, Miss. Agda Thorilda Viktoria",female,25.0,0,0,347071,7.775,,S,2,470
475,4760,0,1,"Clifford, Mr. George Quincy",male,,0,0,110465,52.0,A14,S,4,760
471,4720,0,3,"Cacic, Mr. Luka",male,38.0,0,0,315089,8.6625,,S,4,720
121,1220,0,3,"Moore, Mr. Leonard Charles",male,,0,0,A4. 54510,8.05,,S,1,220
709,7100,1,3,"Moubarek, Master. Halim Gonios (""William George"")",male,,1,1,2661,15.2458,,C,7,100
352,3530,0,3,"Elias, Mr. Tannous",male,15.0,1,1,2695,7.2292,,C,3,530
20,210,0,2,"Fynney, Mr. Joseph J",male,35.0,0,0,239865,26.0,,S,2,10
667,6680,0,3,"Rommetvedt, Mr. Knud Paust",male,,0,0,312993,7.775,,S,6,680
139,1400,0,1,"Giglio, Mr. Victor",male,24.0,0,0,PC 17593,79.2,B86,C,1,400
583,5840,0,1,"Ross, Mr. John Hugo",male,36.0,0,0,13049,40.125,A10,C,5,840
554,5550,1,3,"Ohman, Miss. Velin",female,22.0,0,0,347085,7.775,,S,5,550
660,6610,1,1,"Frauenthal, Dr. Henry William",male,50.0,2,0,PC 17611,133.65,,S,6,610
613,6140,0,3,"Horgan, Mr. John",male,,0,0,370377,7.75,,Q,6,140
203,2040,0,3,"Youseff, Mr. Gerious",male,45.5,0,0,2628,7.225,,C,2,040
719,7200,0,3,"Johnson, Mr. Malkolm Joackim",male,33.0,0,0,347062,7.775,,S,7,200
646,6470,0,3,"Cor, Mr. Liudevit",male,19.0,0,0,349231,7.8958,,S,6,470
228,2290,0,2,"Fahlstrom, Mr. Arne Jonas",male,18.0,0,0,236171,13.0,,S,2,290
208,2090,1,3,"Carr, Miss. Helen ""Ellen""",female,16.0,0,0,367231,7.75,,Q,2,090
740,7410,1,1,"Hawksford, Mr. Walter James",male,,0,0,16988,30.0,D45,S,7,410
839,8400,1,1,"Marechal, Mr. Pierre",male,,0,0,11774,29.7,C47,C,8,400
645,6460,1,1,"Harper, Mr. Henry Sleeper",male,48.0,1,0,PC 17572,76.7292,D33,C,6,460
521,5220,0,3,"Vovk, Mr. Janko",male,22.0,0,0,349252,7.8958,,S,5,220
782,7830,0,1,"Long, Mr. Milton Clyde",male,29.0,0,0,113501,30.0,D6,S,7,830
168,1690,0,1,"Baumann, Mr. John D",male,,0,0,PC 17318,25.925,,S,1,690
332,3330,0,1,"Graham, Mr. George Edward",male,38.0,0,1,PC 17582,153.4625,C91,S,3,330
696,6970,0,3,"Kelly, Mr. James",male,44.0,0,0,363592,8.05,,S,6,970
407,4080,1,2,"Richards, Master. William Rowe",male,3.0,1,1,29106,18.75,,S,4,080
700,7010,1,1,"Astor, Mrs. John Jacob (Madeleine Talmadge Force)",female,18.0,1,0,PC 17757,227.525,C62 C64,C,7,010
505,5060,0,1,"Penasco y Castellana, Mr. Victor de Satode",male,18.0,1,0,PC 17758,108.9,C65,C,5,060
768,7690,0,3,"Moran, Mr. Daniel J",male,,1,0,371110,24.15,,Q,7,690
7,80,0,3,"Palsson, Master. Gosta Leonard",male,2.0,3,1,349909,21.075,,S,8,0
737,7380,1,1,"Lesurer, Mr. Gustave J",male,35.0,0,0,PC 17755,512.3292,B101,C,7,380
851,8520,0,3,"Svensson, Mr. Johan",male,74.0,0,0,347060,7.775,,S,8,520
673,6740,1,2,"Wilhelms, Mr. Charles",male,31.0,0,0,244270,13.0,,S,6,740
735,7360,0,3,"Williams, Mr. Leslie",male,28.5,0,0,54636,16.1,,S,7,360
174,1750,0,1,"Smith, Mr. James Clinch",male,56.0,0,0,17764,30.6958,A7,C,1,750
704,7050,0,3,"Hansen, Mr. Henrik Juul",male,26.0,1,0,350025,7.8542,,S,7,050
569,5700,1,3,"Jonsson, Mr. Carl",male,32.0,0,0,350417,7.8542,,S,5,700
36,370,1,3,"Mamee, Mr. Hanna",male,,0,0,2677,7.2292,,C,3,70
209,2100,1,1,"Blank, Mr. Henry",male,40.0,0,0,112277,31.0,A31,C,2,100
681,6820,1,1,"Hassab, Mr. Hammad",male,27.0,0,0,PC 17572,76.7292,D49,C,6,820
718,7190,0,3,"McEvoy, Mr. Michael",male,,0,0,36568,15.5,,Q,7,190
108,1090,0,3,"Rekic, Mr. Tido",male,38.0,0,0,349249,7.8958,,S,1,090
164,1650,0,3,"Panula, Master. Eino Viljami",male,1.0,4,1,3101295,39.6875,,S,1,650
674,6750,0,2,"Watson, Mr. Ennis Hastings",male,,0,0,239856,0.0,,S,6,750
388,3890,0,3,"Sadlier, Mr. Matthew",male,,0,0,367655,7.7292,,Q,3,890
755,7560,1,2,"Hamalainen, Master. Viljo",male,0.67,1,1,250649,14.5,,S,7,560
46,470,0,3,"Lennon, Mr. Denis",male,,1,0,370371,15.5,,Q,4,70
479,4800,1,3,"Hirvonen, Miss. Hildur E",female,2.0,0,1,3101298,12.2875,,S,4,800
677,6780,1,3,"Turja, Miss. Anna Sofia",female,18.0,0,0,4138,9.8417,,S,6,780
765,7660,1,1,"Hogeboom, Mrs. John C (Anna Andrews)",female,51.0,1,0,13502,77.9583,D11,S,7,660
361,3620,0,2,"del Carlo, Mr. Sebastiano",male,29.0,1,0,SC/PARIS 2167,27.7208,,C,3,620
597,5980,0,3,"Johnson, Mr. Alfred",male,49.0,0,0,LINE,0.0,,S,5,980
770,7710,0,3,"Lievens, Mr. Rene Aime",male,24.0,0,0,345781,9.5,,S,7,710
328,3290,1,3,"Goldsmith, Mrs. Frank John (Emily Alice Brown)",female,31.0,1,1,363291,20.525,,S,3,290
276,2770,0,3,"Lindblom, Miss. Augusta Charlotta",female,45.0,0,0,347073,7.75,,S,2,770
636,6370,0,3,"Leinonen, Mr. Antti Gustaf",male,32.0,0,0,STON/O 2. 3101292,7.925,,S,6,370
702,7030,0,3,"Barbara, Miss. Saiide",female,18.0,0,1,2691,14.4542,,C,7,030
854,8550,0,2,"Carter, Mrs. Ernest Courtenay (Lilian Hughes)",female,44.0,1,0,244252,26.0,,S,8,550
871,8720,1,1,"Beckwith, Mrs. Richard Leonard (Sallie Monypeny)",female,47.0,1,1,11751,52.5542,D35,S,8,720
148,1490,0,2,"Navratil, Mr. Michel (""Louis M Hoffman"")",male,36.5,0,2,230080,26.0,F2,S,1,490
178,1790,0,2,"Hale, Mr. Reginald",male,30.0,0,0,250653,13.0,,S,1,790
717,7180,1,2,"Troutt, Miss. Edwina Celia ""Winnie""",female,27.0,0,0,34218,10.5,E101,S,7,180
81,820,1,3,"Sheerlinck, Mr. Jan Baptist",male,29.0,0,0,345779,9.5,,S,8,20
493,4940,0,1,"Artagaveytia, Mr. Ramon",male,71.0,0,0,PC 17609,49.5042,,C,4,940
820,8210,1,1,"Hays, Mrs. Charles Melville (Clara Jennings Gregg)",female,52.0,1,1,12749,93.5,B69,S,8,210
678,6790,0,3,"Goodwin, Mrs. Frederick (Augusta Tyler)",female,43.0,1,6,CA 2144,46.9,,S,6,790
287,2880,0,3,"Naidenoff, Mr. Penko",male,22.0,0,0,349206,7.8958,,S,2,880
330,3310,1,3,"McCoy, Miss. Agnes",female,,2,0,367226,23.25,,Q,3,310
166,1670,1,1,"Chibnall, Mrs. (Edith Martha Bowerman)",female,,0,1,113505,55.0,E33,S,1,670
628,6290,0,3,"Bostandyeff, Mr. Guentcho",male,26.0,0,0,349224,7.8958,,S,6,290
729,7300,0,3,"Ilmakangas, Miss. Pieta Sofia",female,25.0,1,0,STON/O2. 3101271,7.925,,S,7,300
815,8160,0,1,"Fry, Mr. Richard",male,,0,0,112058,0.0,B102,S,8,160
318,3190,1,1,"Wick, Miss. Mary Natalie",female,31.0,0,2,36928,164.8667,C7,S,3,190
338,3390,1,3,"Dahl, Mr. Karl Edwart",male,45.0,0,0,7598,8.05,,S,3,390
320,3210,0,3,"Dennis, Mr. Samuel",male,22.0,0,0,A/5 21172,7.25,,S,3,210
52,530,1,1,"Harper, Mrs. Henry Sleeper (Myna Haxtun)",female,49.0,1,0,PC 17572,76.7292,D33,C,5,30
608,6090,1,2,"Laroche, Mrs. Joseph (Juliette Marie Louise Lafargue)",female,22.0,1,2,SC/Paris 2123,41.5792,,C,6,090
184,1850,1,3,"Kink-Heilmann, Miss. Luise Gretchen",female,4.0,0,2,315153,22.025,,S,1,850
255,2560,1,3,"Touma, Mrs. Darwis (Hanne Youssef Razi)",female,29.0,0,2,2650,15.2458,,C,2,560
800,8010,0,2,"Ponesell, Mr. Martin",male,34.0,0,0,250647,13.0,,S,8,010
862,8630,1,1,"Swift, Mrs. Frederick Joel (Margaret Welles Barron)",female,48.0,0,0,17466,25.9292,D17,S,8,630
41,420,0,2,"Turpin, Mrs. William John Robert (Dorothy Ann Wonnacott)",female,27.0,1,0,11668,21.0,,S,4,20
513,5140,1,1,"Rothschild, Mrs. Martin (Elizabeth L. Barrett)",female,54.0,1,0,PC 17603,59.4,,C,5,140
547,5480,1,2,"Padro y Manent, Mr. Julian",male,,0,0,SC/PARIS 2146,13.8625,,C,5,480
546,5470,1,2,"Beane, Mrs. Edward (Ethel Clarke)",female,19.0,1,0,2908,26.0,,S,5,470
151,1520,1,1,"Pears, Mrs. Thomas (Edith Wearne)",female,22.0,1,0,113776,66.6,C2,S,1,520
331,3320,0,1,"Partner, Mr. Austen",male,45.5,0,0,113043,28.5,C124,S,3,320
64,650,0,1,"Stewart, Mr. Albert A",male,,0,0,PC 17605,27.7208,,C,6,50
833,8340,0,3,"Augustsson, Mr. Albert",male,23.0,0,0,347468,7.8542,,S,8,340
488,4890,0,3,"Somerton, Mr. Francis William",male,30.0,0,0,A.5. 18509,8.05,,S,4,890
531,5320,0,3,"Toufik, Mr. Nakli",male,,0,0,2641,7.2292,,C,5,320
405,4060,0,2,"Gale, Mr. Shadrach",male,34.0,1,0,28664,21.0,,S,4,060
744,7450,1,3,"Stranden, Mr. Juho",male,31.0,0,0,STON/O 2. 3101288,7.925,,S,7,450
201,2020,0,3,"Sage, Mr. Frederick",male,,8,2,CA. 2343,69.55,,S,2,020
360,3610,0,3,"Skoog, Mr. Wilhelm",male,40.0,1,4,347088,27.9,,S,3,610
47,480,1,3,"O'Driscoll, Miss. Bridget",female,,0,0,14311,7.75,,Q,4,80
70,710,0,2,"Jenkin, Mr. Stephen Curnow",male,32.0,0,0,C.A. 33111,10.5,,S,7,10
682,6830,0,3,"Olsvigen, Mr. Thor Anderson",male,20.0,0,0,6563,9.225,,S,6,830
377,3780,0,1,"Widener, Mr. Harry Elkins",male,27.0,0,2,113503,211.5,C82,C,3,780
123,1240,1,2,"Webber, Miss. Susan",female,32.5,0,0,27267,13.0,E101,S,1,240
194,1950,1,1,"Brown, Mrs. James Joseph (Margaret Tobin)",female,44.0,0,0,PC 17610,27.7208,B4,C,1,950
135,1360,0,2,"Richard, Mr. Emile",male,23.0,0,0,SC/PARIS 2133,15.0458,,C,1,360
616,6170,0,3,"Danbom, Mr. Ernst Gilbert",male,34.0,1,1,347080,14.4,,S,6,170
543,5440,1,2,"Beane, Mr. Edward",male,32.0,1,0,2908,26.0,,S,5,440
445,4460,1,1,"Dodge, Master. Washington",male,4.0,0,2,33638,81.8583,A34,S,4,460
119,1200,0,3,"Andersson, Miss. Ellis Anna Maria",female,2.0,4,2,347082,31.275,,S,1,200
413,4140,0,2,"Cunningham, Mr. Alfred Fleming",male,,0,0,239853,0.0,,S,4,140
343,3440,0,2,"Sedgwick, Mr. Charles Frederick Waddington",male,25.0,0,0,244361,13.0,,S,3,440
89,900,0,3,"Celotti, Mr. Francesco",male,24.0,0,0,343275,8.05,,S,9,00
836,8370,0,3,"Pasic, Mr. Jakob",male,21.0,0,0,315097,8.6625,,S,8,370
439,4400,0,2,"Kvillner, Mr. Johan Henrik Johannesson",male,31.0,0,0,C.A. 18723,10.5,,S,4,400
317,3180,0,2,"Moraweck, Dr. Ernest",male,54.0,0,0,29011,14.0,,S,3,180
85,860,1,3,"Backstrom, Mrs. Karl Alfred (Maria Mathilda Gustafsson)",female,33.0,3,0,3101278,15.85,,S,8,60
733,7340,0,2,"Berriman, Mr. William John",male,23.0,0,0,28425,13.0,,S,7,340
145,1460,0,2,"Nicholls, Mr. Joseph Charles",male,19.0,1,1,C.A. 33112,36.75,,S,1,460
280,2810,0,3,"Duane, Mr. Frank",male,65.0,0,0,336439,7.75,,Q,2,810
490,4910,0,3,"Hagland, Mr. Konrad Mathias Reiersen",male,,1,0,65304,19.9667,,S,4,910
865,8660,1,2,"Bystrom, Mrs. (Karolina)",female,42.0,0,0,236852,13.0,,S,8,660
144,1450,0,2,"Andrew, Mr. Edgardo Samuel",male,18.0,0,0,231945,11.5,,S,1,450
221,2220,0,2,"Bracken, Mr. James H",male,27.0,0,0,220367,13.0,,S,2,220
124,1250,0,1,"White, Mr. Percival Wayland",male,54.0,0,1,35281,77.2875,D26,S,1,250
524,5250,0,3,"Kassem, Mr. Fared",male,,0,0,2700,7.2292,,C,5,250
110,1110,0,1,"Porter, Mr. Walter Chamberlain",male,47.0,0,0,110465,52.0,C110,S,1,110
59,600,0,3,"Goodwin, Master. William Frederick",male,11.0,5,2,CA 2144,46.9,,S,6,00
120,1210,0,2,"Hickman, Mr. Stanley George",male,21.0,2,0,S.O.C. 14879,73.5,,S,1,210
242,2430,0,2,"Coleridge, Mr. Reginald Charles",male,29.0,0,0,W./C. 14263,10.5,,S,2,430
811,8120,0,3,"Lester, Mr. James",male,39.0,0,0,A/4 48871,24.15,,S,8,120
885,8860,0,3,"Rice, Mrs. William (Margaret Norton)",female,39.0,0,5,382652,29.125,,Q,8,860
605,6060,0,3,"Lindell, Mr. Edvard Bengtsson",male,36.0,1,0,349910,15.55,,S,6,060
307,3080,1,1,"Penasco y Castellana, Mrs. Victor de Satode (Maria Josefa Perez de Soto y Vallejo)",female,17.0,1,0,PC 17758,108.9,C65,C,3,080
158,1590,0,3,"Smiljanic, Mr. Mile",male,,0,0,315037,8.6625,,S,1,590
542,5430,0,3,"Andersson, Miss. Sigrid Elisabeth",female,11.0,4,2,347082,31.275,,S,5,430
132,1330,0,3,"Robins, Mrs. Alexander A (Grace Charity Laury)",female,47.0,1,0,A/5. 3337,14.5,,S,1,330
284,2850,0,1,"Smith, Mr. Richard William",male,,0,0,113056,26.0,A19,S,2,850
25,260,1,3,"Asplund, Mrs. Carl Oscar (Selma Augusta Emilia Johansson)",female,38.0,1,5,347077,31.3875,,S,2,60
303,3040,1,2,"Keane, Miss. Nora A",female,,0,0,226593,12.35,E101,Q,3,040
887,8880,1,1,"Graham, Miss. Margaret Edith",female,19.0,0,0,112053,30.0,B42,S,8,880
556,5570,1,1,"Duff Gordon, Lady. (Lucille Christiana Sutherland) (""Mrs Morgan"")",female,48.0,1,0,11755,39.6,A16,C,5,570
778,7790,0,3,"Kilgannon, Mr. Thomas J",male,,0,0,36865,7.7375,,Q,7,790
31,320,1,1,"Spencer, Mrs. William Augustus (Marie Eugenie)",female,,1,0,PC 17569,146.5208,B78,C,3,20
263,2640,0,1,"Harrison, Mr. William",male,40.0,0,0,112059,0.0,B94,S,2,640
805,8060,0,3,"Johansson, Mr. Karl Johan",male,31.0,0,0,347063,7.775,,S,8,060
24,250,0,3,"Palsson, Miss. Torborg Danira",female,8.0,3,1,349909,21.075,,S,2,50
207,2080,1,3,"Albimona, Mr. Nassef Cassem",male,26.0,0,0,2699,18.7875,,C,2,080
655,6560,0,2,"Hickman, Mr. Leonard Mark",male,24.0,2,0,S.O.C. 14879,73.5,,S,6,560
60,610,0,3,"Sirayanian, Mr. Orsen",male,22.0,0,0,2669,7.2292,,C,6,10
750,7510,1,2,"Wells, Miss. Joan",female,4.0,1,1,29103,23.0,,S,7,510
187,1880,1,1,"Romaine, Mr. Charles Hallace (""Mr C Rolmane"")",male,45.0,0,0,111428,26.55,,S,1,880
380,3810,1,1,"Bidois, Miss. Rosalie",female,42.0,0,0,PC 17757,227.525,,C,3,810
632,6330,1,1,"Stahelin-Maeglin, Dr. Max",male,32.0,0,0,13214,30.5,B50,C,6,330
222,2230,0,3,"Green, Mr. George Henry",male,51.0,0,0,21440,8.05,,S,2,230
111,1120,0,3,"Zabour, Miss. Hileni",female,14.5,1,0,2665,14.4542,,C,1,120
611,6120,0,3,"Jardin, Mr. Jose Neto",male,,0,0,SOTON/O.Q. 3101305,7.05,,S,6,120
620,6210,0,3,"Yasbeck, Mr. Antoni",male,27.0,1,0,2659,14.4542,,C,6,210
711,7120,0,1,"Klaber, Mr. Herman",male,,0,0,113028,26.55,C124,S,7,120
787,7880,0,3,"Rice, Master. George Hugh",male,8.0,4,1,382652,29.125,,Q,7,880
217,2180,0,2,"Jacobsohn, Mr. Sidney Samuel",male,42.0,1,0,243847,27.0,,S,2,180
319,3200,1,1,"Spedden, Mrs. Frederic Oakley (Margaretta Corning Stone)",female,40.0,1,1,16966,134.5,E34,C,3,200
233,2340,1,3,"Asplund, Miss. Lillian Gertrud",female,5.0,4,2,347077,31.3875,,S,2,340
606,6070,0,3,"Karaic, Mr. Milan",male,30.0,0,0,349246,7.8958,,S,6,070
274,2750,1,3,"Healy, Miss. Hanora ""Nora""",female,,0,0,370375,7.75,,Q,2,750
171,1720,0,3,"Rice, Master. Arthur",male,4.0,4,1,382652,29.125,,Q,1,720
831,8320,1,2,"Richards, Master. George Sibley",male,0.83,1,1,29106,18.75,,S,8,320
426,4270,1,2,"Clarke, Mrs. Charles V (Ada Maria Winfield)",female,28.0,1,0,2003,26.0,,S,4,270
378,3790,0,3,"Betros, Mr. Tannous",male,20.0,0,0,2648,4.0125,,C,3,790
26,270,0,3,"Emir, Mr. Farred Chehab",male,,0,0,2631,7.225,,C,2,70
793,7940,0,1,"Hoyt, Mr. William Fisher",male,,0,0,PC 17600,30.6958,,C,7,940
163,1640,0,3,"Calic, Mr. Jovo",male,17.0,0,0,315093,8.6625,,S,1,640
584,5850,0,3,"Paulner, Mr. Uscher",male,,0,0,3411,8.7125,,C,5,850
231,2320,0,3,"Larsson, Mr. Bengt Edvin",male,29.0,0,0,347067,7.775,,S,2,320
590,5910,0,3,"Rintamaki, Mr. Matti",male,35.0,0,0,STON/O 2. 3101273,7.125,,S,5,910
813,8140,0,3,"Andersson, Miss. Ebba Iris Alfrida",female,6.0,4,2,347082,31.275,,S,8,140
44,450,1,3,"Devaney, Miss. Margaret Delia",female,19.0,0,0,330958,7.8792,,Q,4,50
623,6240,0,3,"Hansen, Mr. Henry Damsgaard",male,21.0,0,0,350029,7.8542,,S,6,240
876,8770,0,3,"Gustafsson, Mr. Alfred Ossian",male,20.0,0,0,7534,9.8458,,S,8,770
535,5360,1,2,"Hart, Miss. Eva Miriam",female,7.0,0,2,F.C.C. 13529,26.25,,S,5,360
400,4010,1,3,"Niskanen, Mr. Juha",male,39.0,0,0,STON/O 2. 3101289,7.925,,S,4,010
73,740,0,3,"Chronopoulos, Mr. Apostolos",male,26.0,1,0,2680,14.4542,,C,7,40
362,3630,0,3,"Barbara, Mrs. (Catherine David)",female,45.0,0,1,2691,14.4542,,C,3,630
548,5490,0,3,"Goldsmith, Mr. Frank John",male,33.0,1,1,363291,20.525,,S,5,490
340,3410,1,2,"Navratil, Master. Edmond Roger",male,2.0,1,1,230080,26.0,F2,S,3,410
849,8500,1,1,"Goldenberg, Mrs. Samuel L (Edwiga Grabowska)",female,,1,0,17453,89.1042,C92,C,8,500
617,6180,0,3,"Lobb, Mrs. William Arthur (Cordelia K Stanlick)",female,26.0,1,0,A/5. 3336,16.1,,S,6,180
838,8390,1,3,"Chip, Mr. Chang",male,32.0,0,0,1601,56.4958,,S,8,390
269,2700,1,1,"Bissette, Miss. Amelia",female,35.0,0,0,PC 17760,135.6333,C99,S,2,700
423,4240,0,3,"Danbom, Mrs. Ernst Gilbert (Anna Sigrid Maria Brogren)",female,28.0,1,1,347080,14.4,,S,4,240
13,140,0,3,"Andersson, Mr. Anders Johan",male,39.0,1,5,347082,31.275,,S,1,40
355,3560,0,3,"Vanden Steen, Mr. Leo Peter",male,28.0,0,0,345783,9.5,,S,3,560
273,2740,0,1,"Natsch, Mr. Charles H",male,37.0,0,1,PC 17596,29.7,C118,C,2,740
425,4260,0,3,"Wiseman, Mr. Phillippe",male,,0,0,A/4. 34244,7.25,,S,4,260
850,8510,0,3,"Andersson, Master. Sigvard Harald Elias",male,4.0,4,2,347082,31.275,,S,8,510
97,980,1,1,"Greenfield, Mr. William Bertram",male,23.0,0,1,PC 17759,63.3583,D10 D12,C,9,80
465,4660,0,3,"Goncalves, Mr. Manuel Estanslas",male,38.0,0,0,SOTON/O.Q. 3101306,7.05,,S,4,660
784,7850,0,3,"Ali, Mr. William",male,25.0,0,0,SOTON/O.Q. 3101312,7.05,,S,7,850
66,670,1,2,"Nye, Mrs. (Elizabeth Ramell)",female,29.0,0,0,C.A. 29395,10.5,F33,S,6,70
6,70,0,1,"McCarthy, Mr. Timothy J",male,54.0,0,0,17463,51.8625,E46,S,7,0
247,2480,1,2,"Hamalainen, Mrs. William (Anna)",female,24.0,0,2,250649,14.5,,S,2,480
313,3140,0,3,"Hendekovic, Mr. Ignjac",male,28.0,0,0,349243,7.8958,,S,3,140
533,5340,1,3,"Peter, Mrs. Catherine (Catherine Rizk)",female,,0,2,2668,22.3583,,C,5,340
14,150,0,3,"Vestrom, Miss. Hulda Amanda Adolfina",female,14.0,0,0,350406,7.8542,,S,1,50
272,2730,1,2,"Mellinger, Mrs. (Elizabeth Anne Maidment)",female,41.0,0,1,250644,19.5,,S,2,730
538,5390,0,3,"Risien, Mr. Samuel Beard",male,,0,0,364498,14.5,,S,5,390
526,5270,1,2,"Ridsdale, Miss. Lucy",female,50.0,0,0,W./C. 14258,10.5,,S,5,270
568,5690,0,3,"Doharr, Mr. Tannous",male,,0,0,2686,7.2292,,C,5,690
408,4090,0,3,"Birkeland, Mr. Hans Martin Monsen",male,21.0,0,0,312992,7.775,,S,4,090
539,5400,1,1,"Frolicher, Miss. Hedwig Margaritha",female,22.0,0,2,13568,49.5,B39,C,5,400
514,5150,0,3,"Coleff, Mr. Satio",male,24.0,0,0,349209,7.4958,,S,5,150
56,570,1,2,"Rugg, Miss. Emily",female,21.0,0,0,C.A. 31026,10.5,,S,5,70
631,6320,0,3,"Lundahl, Mr. Johan Svensson",male,51.0,0,0,347743,7.0542,,S,6,320
600,6010,1,2,"Jacobsohn, Mrs. Sidney Samuel (Amy Frances Christy)",female,24.0,2,1,243847,27.0,,S,6,010
191,1920,0,2,"Carbines, Mr. William",male,19.0,0,0,28424,13.0,,S,1,920
112,1130,0,3,"Barton, Mr. David John",male,22.0,0,0,324669,8.05,,S,1,130
170,1710,0,1,"Van der hoef, Mr. Wyckoff",male,61.0,0,0,111240,33.5,B19,S,1,710
464,4650,0,3,"Maisner, Mr. Simon",male,,0,0,A/S 2816,8.05,,S,4,650
687,6880,0,3,"Dakic, Mr. Branko",male,19.0,0,0,349228,10.1708,,S,6,880
95,960,0,3,"Shorney, Mr. Charles Joseph",male,,0,0,374910,8.05,,S,9,60
289,2900,1,3,"Connolly, Miss. Kate",female,22.0,0,0,370373,7.75,,Q,2,900
508,5090,0,3,"Olsen, Mr. Henry Margido",male,28.0,0,0,C 4001,22.525,,S,5,090
774,7750,1,2,"Hocking, Mrs. Elizabeth (Eliza Needs)",female,54.0,1,3,29105,23.0,,S,7,750
761,7620,0,3,"Nirva, Mr. Iisakki Antino Aijo",male,41.0,0,0,SOTON/O2 3101272,7.125,,S,7,620
57,580,0,3,"Novel, Mr. Mansouer",male,28.5,0,0,2697,7.2292,,C,5,80
420,4210,0,3,"Gheorgheff, Mr. Stanio",male,,0,0,349254,7.8958,,C,4,210
861,8620,0,2,"Giles, Mr. Frederick Edward",male,21.0,1,0,28134,11.5,,S,8,620
670,6710,1,2,"Brown, Mrs. Thomas William Solomon (Elizabeth Catherine Ford)",female,40.0,1,1,29750,39.0,,S,6,710
265,2660,0,2,"Reeves, Mr. David",male,36.0,0,0,C.A. 17248,10.5,,S,2,660
53,540,1,2,"Faunthorpe, Mrs. Lizzie (Elizabeth Anne Wilkinson)",female,29.0,1,0,2926,26.0,,S,5,40
830,8310,1,3,"Yasbeck, Mrs. Antoni (Selini Alexander)",female,15.0,1,0,2659,14.4542,,C,8,310
525,5260,0,3,"Farrell, Mr. James",male,40.5,0,0,367232,7.75,,Q,5,260
510,5110,1,3,"Daly, Mr. Eugene Patrick",male,29.0,0,0,382651,7.75,,Q,5,110
506,5070,1,2,"Quick, Mrs. Frederick Charles (Jane Richards)",female,33.0,0,2,26360,26.0,,S,5,070
372,3730,0,3,"Beavan, Mr. William Thomas",male,19.0,0,0,323951,8.05,,S,3,730
812,8130,0,2,"Slemen, Mr. Richard James",male,35.0,0,0,28206,10.5,,S,8,130
311,3120,1,1,"Ryerson, Miss. Emily Borie",female,18.0,2,2,PC 17608,262.375,B57 B59 B63 B66,C,3,120
49,500,0,3,"Arnold-Franchi, Mrs. Josef (Josefine Franchi)",female,18.0,1,0,349237,17.8,,S,5,00
602,6030,0,1,"Harrington, Mr. Charles H",male,,0,0,113796,42.4,,S,6,030
629,6300,0,3,"O'Connell, Mr. Patrick D",male,,0,0,334912,7.7333,,Q,6,300
589,5900,0,3,"Murdlin, Mr. Joseph",male,,0,0,A./5. 3235,8.05,,S,5,900
102,1030,0,1,"White, Mr. Richard Frasar",male,21.0,0,1,35281,77.2875,D26,S,1,030
653,6540,1,3,"O'Leary, Miss. Hanora ""Norah""",female,,0,0,330919,7.8292,,Q,6,540
581,5820,1,1,"Thayer, Mrs. John Borland (Marian Longstreth Morris)",female,39.0,1,1,17421,110.8833,C68,C,5,820
640,6410,0,3,"Jensen, Mr. Hans Peder",male,20.0,0,0,350050,7.8542,,S,6,410
487,4880,0,1,"Kent, Mr. Edward Austin",male,58.0,0,0,11771,29.7,B37,C,4,880
599,6000,1,1,"Duff Gordon, Sir. Cosmo Edmund (""Mr Morgan"")",male,49.0,1,0,PC 17485,56.9292,A20,C,6,000
448,4490,1,3,"Baclini, Miss. Marie Catherine",female,5.0,2,1,2666,19.2583,,C,4,490
558,5590,1,1,"Taussig, Mrs. Emil (Tillie Mandelbaum)",female,39.0,1,1,110413,79.65,E67,S,5,590
500,5010,0,3,"Calic, Mr. Petar",male,17.0,0,0,315086,8.6625,,S,5,010
54,550,0,1,"Ostby, Mr. Engelhart Cornelius",male,65.0,0,1,113509,61.9792,B30,C,5,50
334,3350,1,1,"Frauenthal, Mrs. Henry William (Clara Heinsheimer)",female,,1,0,PC 17611,133.65,,S,3,350
306,3070,1,1,"Fleming, Miss. Margaret",female,,0,0,17421,110.8833,,C,3,070
37,380,0,3,"Cann, Mr. Ernest Charles",male,21.0,0,0,A./5. 2152,8.05,,S,3,80
867,8680,0,1,"Roebling, Mr. Washington Augustus II",male,31.0,0,0,PC 17590,50.4958,A24,S,8,680
579,5800,1,3,"Jussila, Mr. Eiriik",male,32.0,0,0,STON/O 2. 3101286,7.925,,S,5,800
795,7960,0,2,"Otter, Mr. Richard",male,39.0,0,0,28213,13.0,,S,7,960
12,130,0,3,"Saundercock, Mr. William Henry",male,20.0,0,0,A/5. 2151,8.05,,S,1,30
21,220,1,2,"Beesley, Mr. Lawrence",male,34.0,0,0,248698,13.0,D56,S,2,20
662,6630,0,1,"Colley, Mr. Edward Pomeroy",male,47.0,0,0,5727,25.5875,E58,S,6,630
512,5130,1,1,"McGough, Mr. James Robert",male,36.0,0,0,PC 17473,26.2875,E25,S,5,130
624,6250,0,3,"Bowen, Mr. David John ""Dai""",male,21.0,0,0,54636,16.1,,S,6,250
454,4550,0,3,"Peduzzi, Mr. Joseph",male,,0,0,A/5 2817,8.05,,S,4,550
335,3360,0,3,"Denkoff, Mr. Mitto",male,,0,0,349225,7.8958,,S,3,360
534,5350,0,3,"Cacic, Miss. Marija",female,30.0,0,0,315084,8.6625,,S,5,350
76,770,0,3,"Staneff, Mr. Ivan",male,,0,0,349208,7.8958,,S,7,70
522,5230,0,3,"Lahoud, Mr. Sarkis",male,,0,0,2624,7.225,,C,5,230
103,1040,0,3,"Johansson, Mr. Gustaf Joel",male,33.0,0,0,7540,8.6542,,S,1,040
309,3100,1,1,"Francatelli, Miss. Laura Mabel",female,30.0,0,0,PC 17485,56.9292,E36,C,3,100
183,1840,1,2,"Becker, Master. Richard F",male,1.0,2,1,230136,39.0,F4,S,1,840
404,4050,0,3,"Oreskovic, Miss. Marija",female,20.0,0,0,315096,8.6625,,S,4,050
416,4170,1,2,"Drew, Mrs. James Vivian (Lulu Thorne Christian)",female,34.0,1,1,28220,32.5,,S,4,170
339,3400,0,1,"Blackwell, Mr. Stephen Weart",male,45.0,0,0,113784,35.5,T,S,3,400
327,3280,1,2,"Ball, Mrs. (Ada E Hall)",female,36.0,0,0,28551,13.0,D,S,3,280
528,5290,0,3,"Salonen, Mr. Johan Werner",male,39.0,0,0,3101296,7.925,,S,5,290
622,6230,1,3,"Nakid, Mr. Sahid",male,20.0,1,1,2653,15.7417,,C,6,230
843,8440,0,3,"Lemberopolous, Mr. Peter L",male,34.5,0,0,2683,6.4375,,C,8,440
200,2010,0,3,"Vande Walle, Mr. Nestor Cyriel",male,28.0,0,0,345770,9.5,,S,2,010
301,3020,1,3,"McCoy, Mr. Bernard",male,,2,0,367226,23.25,,Q,3,020
304,3050,0,3,"Williams, Mr. Howard Hugh ""Harry""",male,,0,0,A/5 2466,8.05,,S,3,050
419,4200,0,3,"Van Impe, Miss. Catharina",female,10.0,0,2,345773,24.15,,S,4,200
852,8530,0,3,"Boulos, Miss. Nourelain",female,9.0,1,1,2678,15.2458,,C,8,530
101,1020,0,3,"Petroff, Mr. Pastcho (""Pentcho"")",male,,0,0,349215,7.8958,,S,1,020
227,2280,0,3,"Lovell, Mr. John Hall (""Henry"")",male,20.5,0,0,A/5 21173,7.25,,S,2,280
669,6700,1,1,"Taylor, Mrs. Elmer Zebley (Juliet Cummins Wright)",female,,1,0,19996,52.0,C126,S,6,700
325,3260,1,1,"Young, Miss. Marie Grice",female,36.0,0,0,PC 17760,135.6333,C32,C,3,260
837,8380,0,3,"Sirota, Mr. Maurice",male,,0,0,392092,8.05,,S,8,380
648,6490,0,3,"Willey, Mr. Edward",male,,0,0,S.O./P.P. 751,7.55,,S,6,490
725,7260,0,3,"Oreskovic, Mr. Luka",male,20.0,0,0,315094,8.6625,,S,7,260
882,8830,0,3,"Dahlberg, Miss. Gerda Ulrika",female,22.0,0,0,7552,10.5167,,S,8,830
808,8090,0,2,"Meyer, Mr. August",male,39.0,0,0,248723,13.0,,S,8,090
503,5040,0,3,"Laitinen, Miss. Kristina Sofia",female,37.0,0,0,4135,9.5875,,S,5,040
754,7550,1,2,"Herman, Mrs. Samuel (Jane Laver)",female,48.0,1,2,220845,65.0,,S,7,550
658,6590,0,2,"Eitemiller, Mr. George Floyd",male,23.0,0,0,29751,13.0,,S,6,590
727,7280,1,3,"Mannion, Miss. Margareth",female,,0,0,36866,7.7375,,Q,7,280
672,6730,0,2,"Mitchell, Mr. Henry Michael",male,70.0,0,0,C.A. 24580,10.5,,S,6,730
657,6580,0,3,"Bourke, Mrs. John (Catherine)",female,32.0,1,1,364849,15.5,,Q,6,580
746,7470,0,3,"Abbott, Mr. Rossmore Edward",male,16.0,1,1,C.A. 2673,20.25,,S,7,470
72,730,0,2,"Hood, Mr. Ambrose Jr",male,21.0,0,0,S.O.C. 14879,73.5,,S,7,30
470,4710,0,3,"Keefe, Mr. Arthur",male,,0,0,323592,7.25,,S,4,710
149,1500,0,2,"Byles, Rev. Thomas Roussel Davids",male,42.0,0,0,244310,13.0,,S,1,500
499,5000,0,3,"Svensson, Mr. Olof",male,24.0,0,0,350035,7.7958,,S,5,000
141,1420,1,3,"Nysten, Miss. Anna Sofia",female,22.0,0,0,347081,7.75,,S,1,420
661,6620,0,3,"Badt, Mr. Mohamed",male,40.0,0,0,2623,7.225,,C,6,620
305,3060,1,1,"Allison, Master. Hudson Trevor",male,0.92,1,2,113781,151.55,C22 C26,S,3,060
285,2860,0,3,"Stankovic, Mr. Ivan",male,33.0,0,0,349239,8.6625,,C,2,860
675,6760,0,3,"Edvardsson, Mr. Gustaf Hjalmar",male,18.0,0,0,349912,7.775,,S,6,760
169,1700,0,3,"Ling, Mr. Lee",male,28.0,0,0,1601,56.4958,,S,1,700
594,5950,0,2,"Chapman, Mr. John Henry",male,37.0,1,0,SC/AH 29037,26.0,,S,5,950
777,7780,1,3,"Emanuel, Miss. Virginia Ethel",female,5.0,0,0,364516,12.475,,S,7,780
780,7810,1,3,"Ayoub, Miss. Banoura",female,13.0,0,0,2687,7.2292,,C,7,810
551,5520,0,2,"Sharp, Mr. Percival James R",male,27.0,0,0,244358,26.0,,S,5,520
357,3580,0,2,"Funk, Miss. Annie Clemmer",female,38.0,0,0,237671,13.0,,S,3,580
845,8460,0,3,"Abbing, Mr. Anthony",male,42.0,0,0,C.A. 5547,7.55,,S,8,460
348,3490,1,3,"Coutts, Master. William Loch ""William""",male,3.0,1,1,C.A. 37671,15.9,,S,3,490
399,4000,1,2,"Trout, Mrs. William H (Jessie L)",female,28.0,0,0,240929,12.65,,S,4,000
299,3000,1,1,"Baxter, Mrs. James (Helene DeLaudeniere Chaput)",female,50.0,0,1,PC 17558,247.5208,B58 B60,C,3,000
857,8580,1,1,"Daly, Mr. Peter Denis ",male,51.0,0,0,113055,26.55,E17,S,8,580
859,8600,0,3,"Razi, Mr. Raihed",male,,0,0,2629,7.2292,,C,8,600
290,2910,1,1,"Barber, Miss. Ellen ""Nellie""",female,26.0,0,0,19877,78.85,,S,2,910
650,6510,0,3,"Mitkoff, Mr. Mito",male,,0,0,349221,7.8958,,S,6,510
710,7110,1,1,"Mayne, Mlle. Berthe Antonine (""Mrs de Villiers"")",female,24.0,0,0,PC 17482,49.5042,C90,C,7,110
621,6220,1,1,"Kimball, Mr. Edwin Nelson Jr",male,42.0,1,0,11753,52.5542,D19,S,6,220
707,7080,1,1,"Calderhead, Mr. Edward Pennington",male,42.0,0,0,PC 17476,26.2875,E24,S,7,080
384,3850,0,3,"Plotcharsky, Mr. Vasil",male,,0,0,349227,7.8958,,S,3,850
450,4510,0,2,"West, Mr. Edwy Arthur",male,36.0,1,2,C.A. 34651,27.75,,S,4,510
136,1370,1,1,"Newsom, Miss. Helen Monypeny",female,19.0,0,2,11752,26.2833,D47,S,1,370
863,8640,0,3,"Sage, Miss. Dorothy Edith ""Dolly""",female,,8,2,CA. 2343,69.55,,S,8,640
456,4570,0,1,"Millet, Mr. Francis Davis",male,65.0,0,0,13509,26.55,E38,S,4,570
22,230,1,3,"McGowan, Miss. Anna ""Annie""",female,15.0,0,0,330923,8.0292,,Q,2,30
19,200,1,3,"Masselmani, Mrs. Fatima",female,,0,0,2649,7.225,,C,2,00
789,7900,0,1,"Guggenheim, Mr. Benjamin",male,46.0,0,0,PC 17593,79.2,B82 B84,C,7,900
83,840,0,1,"Carrau, Mr. Francisco M",male,28.0,0,0,113059,47.1,,S,8,40
259,2600,1,2,"Parrish, Mrs. (Lutie Davis)",female,50.0,0,1,230433,26.0,,S,2,600
291,2920,1,1,"Bishop, Mrs. Dickinson H (Helen Walton)",female,19.0,1,0,11967,91.0792,B49,C,2,920
109,1100,1,3,"Moran, Miss. Bertha",female,,1,0,371110,24.15,,Q,1,100
370,3710,1,1,"Harder, Mr. George Achilles",male,25.0,1,0,11765,55.4417,E50,C,3,710
829,8300,1,1,"Stone, Mrs. George Nelson (Martha Evelyn)",female,62.0,0,0,113572,80.0,B28,,8,300
724,7250,1,1,"Chambers, Mr. Norman Campbell",male,27.0,1,0,113806,53.1,E8,S,7,250
486,4870,1,1,"Hoyt, Mrs. Frederick Maxfield (Jane Anne Forby)",female,35.0,1,0,19943,90.0,C93,S,4,870
497,4980,0,3,"Shellard, Mr. Frederick William",male,,0,0,C.A. 6212,15.1,,S,4,980
699,7000,0,3,"Humblen, Mr. Adolf Mathias Nicolai Olsen",male,42.0,0,0,348121,7.65,F G63,S,7,000
42,430,0,3,"Kraeff, Mr. Theodor",male,,0,0,349253,7.8958,,C,4,30
457,4580,1,1,"Kenyon, Mrs. Frederick R (Marion)",female,,1,0,17464,51.8625,D21,S,4,580
210,2110,0,3,"Ali, Mr. Ahmed",male,24.0,0,0,SOTON/O.Q. 3101311,7.05,,S,2,110
127,1280,1,3,"Madsen, Mr. Fridtjof Arne",male,24.0,0,0,C 17369,7.1417,,S,1,280
618,6190,1,2,"Becker, Miss. Marion Louise",female,4.0,2,1,230136,39.0,F4,S,6,190
443,4440,1,2,"Reynaldo, Ms. Encarnacion",female,28.0,0,0,230434,13.0,,S,4,440
385,3860,0,2,"Davies, Mr. Charles Henry",male,18.0,0,0,S.O.C. 14879,73.5,,S,3,860
8,90,1,3,"Johnson, Mrs. Oscar W (Elisabeth Vilhelmina Berg)",female,27.0,0,2,347742,11.1333,,S,9,0
766,7670,0,1,"Brewe, Dr. Arthur Jackson",male,,0,0,112379,39.6,,C,7,670
683,6840,0,3,"Goodwin, Mr. Charles Edward",male,14.0,5,2,CA 2144,46.9,,S,6,840
874,8750,1,2,"Abelson, Mrs. Samuel (Hannah Wizosky)",female,28.0,1,0,P/PP 3381,24.0,,C,8,750
225,2260,0,3,"Berglund, Mr. Karl Ivar Sven",male,22.0,0,0,PP 4348,9.35,,S,2,260
248,2490,1,1,"Beckwith, Mr. Richard Leonard",male,37.0,1,1,11751,52.5542,D35,S,2,490
592,5930,0,3,"Elsbury, Mr. William James",male,47.0,0,0,A/5 3902,7.25,,S,5,930
760,7610,0,3,"Garfirth, Mr. John",male,,0,0,358585,14.5,,S,7,610
342,3430,0,2,"Collander, Mr. Erik Gustaf",male,28.0,0,0,248740,13.0,,S,3,430
595,5960,0,3,"Van Impe, Mr. Jean Baptiste",male,36.0,1,1,345773,24.15,,S,5,960
762,7630,1,3,"Barah, Mr. Hanna Assi",male,20.0,0,0,2663,7.2292,,C,7,630
15,160,1,2,"Hewlett, Mrs. (Mary D Kingcome) ",female,55.0,0,0,248706,16.0,,S,1,60
229,2300,0,3,"Lefebre, Miss. Mathilde",female,,3,1,4133,25.4667,,S,2,300
243,2440,0,3,"Maenpaa, Mr. Matti Alexanteri",male,22.0,0,0,STON/O 2. 3101275,7.125,,S,2,440
772,7730,0,2,"Mack, Mrs. (Mary)",female,57.0,0,0,S.O./P.P. 3,10.5,E77,S,7,730
477,4780,0,3,"Braund, Mr. Lewis Richard",male,29.0,1,0,3460,7.0458,,S,4,780
69,700,0,3,"Kink, Mr. Vincenz",male,26.0,2,0,315151,8.6625,,S,7,00
563,5640,0,3,"Simmons, Mr. John",male,,0,0,SOTON/OQ 392082,8.05,,S,5,640
577,5780,1,1,"Silvey, Mrs. William Baird (Alice Munger)",female,39.0,1,0,13507,55.9,E44,S,5,780
519,5200,0,3,"Pavlovic, Mr. Stefo",male,32.0,0,0,349242,7.8958,,S,5,200
79,800,1,3,"Dowdell, Miss. Elizabeth",female,30.0,0,0,364516,12.475,,S,8,00
61,620,1,1,"Icard, Miss. Amelie",female,38.0,0,0,113572,80.0,B28,,6,20
738,7390,0,3,"Ivanoff, Mr. Kanio",male,,0,0,349201,7.8958,,S,7,390
786,7870,1,3,"Sjoblom, Miss. Anna Sofia",female,18.0,0,0,3101265,7.4958,,S,7,870
615,6160,1,2,"Herman, Miss. Alice",female,24.0,1,2,220845,65.0,,S,6,160
10,110,1,3,"Sandstrom, Miss. Marguerite Rut",female,4.0,1,1,PP 9549,16.7,G6,S,1,10
376,3770,1,3,"Landergren, Miss. Aurora Adelia",female,22.0,0,0,C 7077,7.25,,S,3,770
28,290,1,3,"O'Dwyer, Miss. Ellen ""Nellie""",female,,0,0,330959,7.8792,,Q,2,90
398,3990,0,2,"Pain, Dr. Alfred",male,23.0,0,0,244278,10.5,,S,3,990
688,6890,0,3,"Fischer, Mr. Eberhard Thelander",male,18.0,0,0,350036,7.7958,,S,6,890
270,2710,0,1,"Cairns, Mr. Alexander",male,,0,0,113798,31.0,,S,2,710
881,8820,0,3,"Markun, Mr. Johann",male,33.0,0,0,349257,7.8958,,S,8,820
237,2380,1,2,"Collyer, Miss. Marjorie ""Lottie""",female,8.0,0,2,C.A. 31921,26.25,,S,2,380
0,10,0,3,"Braund, Mr. Owen Harris",male,22.0,1,0,A/5 21171,7.25,,S,1,0
572,5730,1,1,"Flynn, Mr. John Irwin (""Irving"")",male,36.0,0,0,PC 17474,26.3875,E25,S,5,730
666,6670,0,2,"Butler, Mr. Reginald Fenton",male,25.0,0,0,234686,13.0,,S,6,670
283,2840,1,3,"Dorking, Mr. Edward Arthur",male,19.0,0,0,A/5. 10482,8.05,,S,2,840
888,8890,0,3,"Johnston, Miss. Catherine Helen ""Carrie""",female,,1,2,W./C. 6607,23.45,,S,8,890
390,3910,1,1,"Carter, Mr. William Ernest",male,36.0,1,2,113760,120.0,B96 B98,S,3,910
529,5300,0,2,"Hocking, Mr. Richard George",male,23.0,2,1,29104,11.5,,S,5,300
567,5680,0,3,"Palsson, Mrs. Nils (Alma Cornelia Berglund)",female,29.0,0,4,349909,21.075,,S,5,680
172,1730,1,3,"Johnson, Miss. Eleanor Ileen",female,1.0,1,1,347742,11.1333,,S,1,730
847,8480,0,3,"Markoff, Mr. Marin",male,35.0,0,0,349213,7.8958,,C,8,480
117,1180,0,2,"Turpin, Mr. William John Robert",male,29.0,1,0,11668,21.0,,S,1,180
236,2370,0,2,"Hold, Mr. Stephen",male,44.0,1,0,26707,26.0,,S,2,370
741,7420,0,1,"Cavendish, Mr. Tyrell William",male,36.0,1,0,19877,78.85,C46,S,7,420
601,6020,0,3,"Slabenoff, Mr. Petco",male,,0,0,349214,7.8958,,S,6,020
825,8260,0,3,"Flynn, Mr. John",male,,0,0,368323,6.95,,Q,8,260
391,3920,1,3,"Jansson, Mr. Carl Olof",male,21.0,0,0,350034,7.7958,,S,3,920
282,2830,0,3,"de Pelsmaeker, Mr. Alfons",male,16.0,0,0,345778,9.5,,S,2,830
720,7210,1,2,"Harper, Miss. Annie Jessie ""Nina""",female,6.0,0,1,248727,33.0,,S,7,210
429,4300,1,3,"Pickard, Mr. Berk (Berk Trembisky)",male,32.0,0,0,SOTON/O.Q. 392078,8.05,E10,S,4,300
822,8230,0,1,"Reuchlin, Jonkheer. John George",male,38.0,0,0,19972,0.0,,S,8,230
312,3130,0,2,"Lahtinen, Mrs. William (Anna Sylfven)",female,26.0,1,1,250651,26.0,,S,3,130
496,4970,1,1,"Eustis, Miss. Elizabeth Mussey",female,54.0,1,0,36947,78.2667,D20,C,4,970
185,1860,0,1,"Rood, Mr. Hugh Roscoe",male,,0,0,113767,50.0,A32,S,1,860
30,310,0,1,"Uruchurtu, Don. Manuel E",male,40.0,0,0,PC 17601,27.7208,,C,3,10
288,2890,1,2,"Hosono, Mr. Masabumi",male,42.0,0,0,237798,13.0,,S,2,890
281,2820,0,3,"Olsson, Mr. Nils Johan Goransson",male,28.0,0,0,347464,7.8542,,S,2,820
3,40,1,1,"Futrelle, Mrs. Jacques Heath (Lily May Peel)",female,35.0,1,0,113803,53.1,C123,S,4,0
371,3720,0,3,"Wiklund, Mr. Jakob Alfred",male,18.0,1,0,3101267,6.4958,,S,3,720
834,8350,0,3,"Allum, Mr. Owen George",male,18.0,0,0,2223,8.3,,S,8,350
182,1830,0,3,"Asplund, Master. Clarence Gustaf Hugo",male,9.0,4,2,347077,31.3875,,S,1,830
189,1900,0,3,"Turcin, Mr. Stjepan",male,36.0,0,0,349247,7.8958,,S,1,900
642,6430,0,3,"Skoog, Miss. Margit Elizabeth",female,2.0,3,2,347088,27.9,,S,6,430
884,8850,0,3,"Sutehall, Mr. Henry Jr",male,25.0,0,0,SOTON/OQ 392076,7.05,,S,8,850
582,5830,0,2,"Downton, Mr. William James",male,54.0,0,0,28403,26.0,,S,5,830
147,1480,0,3,"Ford, Miss. Robina Maggie ""Ruby""",female,9.0,2,2,W./C. 6608,34.375,,S,1,480
630,6310,1,1,"Barkworth, Mr. Algernon Henry Wilson",male,80.0,0,0,27042,30.0,A23,S,6,310
609,6100,1,1,"Shutes, Miss. Elizabeth W",female,40.0,0,0,PC 17582,153.4625,C125,S,6,100
337,3380,1,1,"Burns, Miss. Elizabeth Margaret",female,41.0,0,0,16966,134.5,E40,C,3,380
316,3170,1,2,"Kantor, Mrs. Sinai (Miriam Sternin)",female,24.0,1,0,244367,26.0,,S,3,170
80,810,0,3,"Waelens, Mr. Achille",male,22.0,0,0,345767,9.0,,S,8,10
781,7820,1,1,"Dick, Mrs. Albert Adrian (Vera Gillespie)",female,17.0,1,0,17474,57.0,B20,S,7,820
167,1680,0,3,"Skoog, Mrs. William (Anna Bernhardina Karlsson)",female,45.0,1,4,347088,27.9,,S,1,680
131,1320,0,3,"Coelho, Mr. Domingos Fernandeo",male,20.0,0,0,SOTON/O.Q. 3101307,7.05,,S,1,320
591,5920,1,1,"Stephenson, Mrs. Walter Bertram (Martha Eustis)",female,52.0,1,0,36947,78.2667,D20,C,5,920
363,3640,0,3,"Asim, Mr. Adola",male,35.0,0,0,SOTON/O.Q. 3101310,7.05,,S,3,640
798,7990,0,3,"Ibrahim Shawah, Mr. Yousseff",male,30.0,0,0,2685,7.2292,,C,7,990
48,490,0,3,"Samaan, Mr. Youssef",male,,2,0,2662,21.6792,,C,4,90
224,2250,1,1,"Hoyt, Mr. Frederick Maxfield",male,38.0,1,0,19943,90.0,C93,S,2,250
240,2410,0,3,"Zabour, Miss. Thamine",female,,1,0,2665,14.4542,,C,2,410
806,8070,0,1,"Andrews, Mr. Thomas Jr",male,39.0,0,0,112050,0.0,A36,S,8,070
215,2160,1,1,"Newell, Miss. Madeleine",female,31.0,1,0,35273,113.275,D36,C,2,160
478,4790,0,3,"Karlsson, Mr. Nils August",male,22.0,0,0,350060,7.5208,,S,4,790
840,8410,0,3,"Alhomaki, Mr. Ilmari Rudolf",male,20.0,0,0,SOTON/O2 3101287,7.925,,S,8,410
708,7090,1,1,"Cleaver, Miss. Alice",female,22.0,0,0,113781,151.55,,S,7,090
315,3160,1,3,"Nilsson, Miss. Helmina Josefina",female,26.0,0,0,347470,7.8542,,S,3,160
875,8760,1,3,"Najib, Miss. Adele Kiamie ""Jane""",female,15.0,0,0,2667,7.225,,C,8,760
206,2070,0,3,"Backstrom, Mr. Karl Alfred",male,32.0,1,0,3101278,15.85,,S,2,070
257,2580,1,1,"Cherry, Miss. Gladys",female,30.0,0,0,110152,86.5,B77,S,2,580
98,990,1,2,"Doling, Mrs. John T (Ada Julia Bone)",female,34.0,0,1,231919,23.0,,S,9,90
573,5740,1,3,"Kelly, Miss. Mary",female,,0,0,14312,7.75,,Q,5,740
788,7890,1,3,"Dean, Master. Bertram Vere",male,1.0,1,2,C.A. 2315,20.575,,S,7,890
562,5630,0,2,"Norman, Mr. Robert Douglas",male,28.0,0,0,218629,13.5,,S,5,630
520,5210,1,1,"Perreault, Miss. Anne",female,30.0,0,0,12749,93.5,B73,S,5,210
212,2130,0,3,"Perkin, Mr. John Henry",male,22.0,0,0,A/5 21174,7.25,,S,2,130
436,4370,0,3,"Ford, Miss. Doolina Margaret ""Daisy""",female,21.0,2,2,W./C. 6608,34.375,,S,4,370
292,2930,0,2,"Levy, Mr. Rene Jacques",male,36.0,0,0,SC/Paris 2163,12.875,D,C,2,930
561,5620,0,3,"Sivic, Mr. Husein",male,40.0,0,0,349251,7.8958,,S,5,620
827,8280,1,2,"Mallet, Master. Andre",male,1.0,0,2,S.C./PARIS 2079,37.0042,,C,8,280
188,1890,0,3,"Bourke, Mr. John",male,40.0,1,1,364849,15.5,,Q,1,890
100,1010,0,3,"Petranec, Miss. Matilda",female,28.0,0,0,349245,7.8958,,S,1,010
346,3470,1,2,"Smith, Miss. Marion Elsie",female,40.0,0,0,31418,13.0,,S,3,470
697,6980,1,3,"Mullens, Miss. Katherine ""Katie""",female,,0,0,35852,7.7333,,Q,6,980
321,3220,0,3,"Danoff, Mr. Yoto",male,27.0,0,0,349219,7.8958,,S,3,220
310,3110,1,1,"Hays, Miss. Margaret Bechstein",female,24.0,0,0,11767,83.1583,C54,C,3,110
58,590,1,2,"West, Miss. Constance Mirium",female,5.0,1,2,C.A. 34651,27.75,,S,5,90
202,2030,0,3,"Johanson, Mr. Jakob Alfred",male,34.0,0,0,3101264,6.4958,,S,2,030
393,3940,1,1,"Newell, Miss. Marjorie",female,23.0,1,0,35273,113.275,D36,C,3,940
116,1170,0,3,"Connors, Mr. Patrick",male,70.5,0,0,370369,7.75,,Q,1,170
68,690,1,3,"Andersson, Miss. Erna Alexandra",female,17.0,4,2,3101281,7.925,,S,6,90
329,3300,1,1,"Hippach, Miss. Jean Gertrude",female,16.0,0,1,111361,57.9792,B18,C,3,300
67,680,0,3,"Crease, Mr. Ernest James",male,19.0,0,0,S.P. 3464,8.1583,,S,6,80
785,7860,0,3,"Harmer, Mr. Abraham (David Lishin)",male,25.0,0,0,374887,7.25,,S,7,860
498,4990,0,1,"Allison, Mrs. Hudson J C (Bessie Waldo Daniels)",female,25.0,1,2,113781,151.55,C22 C26,S,4,990
35,360,0,1,"Holverson, Mr. Alexander Oskar",male,42.0,1,0,113789,52.0,,S,3,60
173,1740,0,3,"Sivola, Mr. Antti Wilhelm",male,21.0,0,0,STON/O 2. 3101280,7.925,,S,1,740
223,2240,0,3,"Nenkoff, Mr. Christo",male,,0,0,349234,7.8958,,S,2,240
277,2780,0,2,"Parkes, Mr. Francis ""Frank""",male,,0,0,239853,0.0,,S,2,780
689,6900,1,1,"Madill, Miss. Georgette Alexandra",female,15.0,0,1,24160,211.3375,B5,S,6,900
129,1300,0,3,"Ekstrom, Mr. Johan",male,45.0,0,0,347061,6.975,,S,1,300
451,4520,0,3,"Hagland, Mr. Ingvald Olai Olsen",male,,1,0,65303,19.9667,,S,4,520
267,2680,1,3,"Persson, Mr. Ernst Ulrik",male,25.0,1,0,347083,7.775,,S,2,680
872,8730,0,1,"Carlsson, Mr. Frans Olof",male,33.0,0,0,695,5.0,B51 B53 B55,S,8,730
635,6360,1,2,"Davis, Miss. Mary",female,28.0,0,0,237668,13.0,,S,6,360
665,6660,0,2,"Hickman, Mr. Lewis",male,32.0,2,0,S.O.C. 14879,73.5,,S,6,660
889,8900,1,1,"Behr, Mr. Karl Howell",male,26.0,0,0,111369,30.0,C148,C,8,900
104,1050,0,3,"Gustafsson, Mr. Anders Vilhelm",male,37.0,2,0,3101276,7.925,,S,1,050
177,1780,0,1,"Isham, Miss. Ann Elizabeth",female,50.0,0,0,PC 17595,28.7125,C49,C,1,780
544,5450,0,1,"Douglas, Mr. Walter Donald",male,50.0,1,0,PC 17761,106.425,C86,C,5,450
680,6810,0,3,"Peters, Miss. Katie",female,,0,0,330935,8.1375,,Q,6,810
476,4770,0,2,"Renouf, Mr. Peter Henry",male,34.0,1,0,31027,21.0,,S,4,770
359,3600,1,3,"Mockler, Miss. Helen Mary ""Ellie""",female,,0,0,330980,7.8792,,Q,3,600
258,2590,1,1,"Ward, Miss. Anna",female,35.0,0,0,PC 17755,512.3292,,C,2,590
736,7370,0,3,"Ford, Mrs. Edward (Margaret Ann Watson)",female,48.0,1,3,W./C. 6608,34.375,,S,7,370
462,4630,0,1,"Gee, Mr. Arthur H",male,47.0,0,0,111320,38.5,E63,S,4,630
507,5080,1,1,"Bradley, Mr. George (""George Arthur Brayton"")",male,,0,0,111427,26.55,,S,5,080
